{
	"system" : {
		"platform" : "linux64",
		"os_name" : "CentOS Linux",
		"os_version" : ""
	},
	"error" : {
		"executable" : "quartus",
		"comment" : "not_applicable",
		"error_message" : "Segment Violation at 0xffffffffffffffe8",
		"source_file" : "unknown",
		"line" : "0",
		"stack_trace" : "\t0x7f4778b033a9: resr_tmwq + 0x443a9 (_ZN9TMWQ_TREE15start_next_taskEb + 0xe3)\n\t0x7f4778b04102: resr_tmwq + 0x45102 (_ZN9TMWQ_TREE18on_start_next_taskEv + 0xe)\n\t0x7f4778b0b8e0: resr_tmwq + 0x4c8e0 (_ZN9TMWQ_TREE18qt_static_metacallEP7QObjectN11QMetaObject4CallEiPPv + 0x224)\n\t0x7f47c65dd1f8: QtCore.so.4 + 0x1be1f8 (_ZN11QMetaObject8activateEP7QObjectPKS_iPPv + 0x488)\n\t0x7f4778aeeb8e: resr_tmwq + 0x2fb8e (_ZN9TMWQ_TREE22start_next_task_signalEv + 0x1a)\n\t0x7f4778b032af: resr_tmwq + 0x442af (_ZN9TMWQ_TREE16compile_finishedEv + 0x11)\n\t0x7f4778b0b79d: resr_tmwq + 0x4c79d (_ZN9TMWQ_TREE18qt_static_metacallEP7QObjectN11QMetaObject4CallEiPPv + 0xe1)\n\t0x7f47c65dd1f8: QtCore.so.4 + 0x1be1f8 (_ZN11QMetaObject8activateEP7QObjectPKS_iPPv + 0x488)\n\t0x7f4778ae2daa: resr_tmwq + 0x23daa (_ZN11TMWQ_WIDGET16post_flow_finishEv + 0x1a)\n\t0x7f4778ae32f8: resr_tmwq + 0x242f8 (_ZN11TMWQ_WIDGET32ntfq_msg_post_notify_flow_finishEmb + 0x2c)\n\t0x7f4778ae312a: resr_tmwq + 0x2412a (_ZN9TMWQ_NTFQ32ntfq_msg_post_notify_flow_finishEmb + 0x14)\n\t0x7f47a5b91af3: ccl_ntfq + 0x2af3 (_ZN18NTFQ_NOTIFY_TARGET19dispatch_notify_msgEPK15NTFQ_NOTIFY_MAPjmb + 0x5f)\n\t0x7f47a5b91b7b: ccl_ntfq + 0x2b7b (_ZN18NTFQ_NOTIFY_TARGET14on_ntfq_notifyEjmb + 0x3d)\n\t0x7f47a5b91f80: ccl_ntfq + 0x2f80 (_ZN15NTFQ_NOTIFY_MGR16broadcast_notifyEjm + 0xc0)\n\t0x7f47a5b91d6b: ccl_ntfq + 0x2d6b (_Z21ntfq_broadcast_notifyjm + 0x26)\n\t0x7f47d529c179: sys_flow + 0x1d179 (_Z10flow_resetP9FLOW_INFO + 0x63)\n\t0x7f47d52a218d: sys_flow + 0x2318d (flow_execute_custom + 0xdf3)\n\t0x7f4778b03bd2: resr_tmwq + 0x44bd2 (_ZN9TMWQ_TREE15start_next_taskEb + 0x90c)\n\t0x7f4778b072a8: resr_tmwq + 0x482a8 (_ZN9TMWQ_TREE5startEP9TMWQ_ITEM + 0x16a)\n\t0x7f4778b07510: resr_tmwq + 0x48510 (_ZN9TMWQ_TREE8on_startERK11QModelIndex + 0x25a)\n\t0x7f4778b07985: resr_tmwq + 0x48985 (_ZN9TMWQ_TREE20on_double_click_textERK11QModelIndex + 0x34b)\n\t0x7f4778b0b8c7: resr_tmwq + 0x4c8c7 (_ZN9TMWQ_TREE18qt_static_metacallEP7QObjectN11QMetaObject4CallEiPPv + 0x20b)\n\t0x7f47c65dd1f8: QtCore.so.4 + 0x1be1f8 (_ZN11QMetaObject8activateEP7QObjectPKS_iPPv + 0x488)\n\t0x7f479fea79c5: QtGui.so.4 + 0x7809c5 (_ZN17QAbstractItemView13doubleClickedERK11QModelIndex + 0x25)\n\t0x7f479fef8aa9: QtGui.so.4 + 0x7d1aa9 (_ZN9QTreeView21mouseDoubleClickEventEP11QMouseEvent + 0x1a9)\n\t0x7f47d17abe32: gcl_afcq + 0x1a4e32 (_ZN14AFCQ_TREE_VIEW21mouseDoubleClickEventEP11QMouseEvent + 0x24)\n\t0x7f479f98a347: QtGui.so.4 + 0x263347 (_ZN7QWidget5eventEP6QEvent + 0x437)\n\t0x7f479fd7de7b: QtGui.so.4 + 0x656e7b (_ZN6QFrame5eventEP6QEvent + 0x2b)\n\t0x7f479fe0e037: QtGui.so.4 + 0x6e7037 (_ZN19QAbstractScrollArea13viewportEventEP6QEvent + 0x17)\n\t0x7f479feb71d5: QtGui.so.4 + 0x7901d5 (_ZN17QAbstractItemView13viewportEventEP6QEvent + 0x145)\n\t0x7f479fef49bb: QtGui.so.4 + 0x7cd9bb (_ZN9QTreeView13viewportEventEP6QEvent + 0x10b)\n\t0x7f47d17ac147: gcl_afcq + 0x1a5147 (_ZN14AFCQ_TREE_VIEW13viewportEventEP6QEvent + 0x305)\n\t0x7f479fe10a58: QtGui.so.4 + 0x6e9a58\n\t0x7f47c65c58ae: QtCore.so.4 + 0x1a68ae (_ZN23QCoreApplicationPrivate29sendThroughObjectEventFiltersEP7QObjectP6QEvent + 0x7e)\n\t0x7f479f92be20: QtGui.so.4 + 0x204e20 (_ZN19QApplicationPrivate13notify_helperEP7QObjectP6QEvent + 0x80)\n\t0x7f479f9326d3: QtGui.so.4 + 0x20b6d3 (_ZN12QApplication6notifyEP7QObjectP6QEvent + 0x3b3)\n\t0x7f47c65c55b4: QtCore.so.4 + 0x1a65b4 (_ZN16QCoreApplication14notifyInternalEP7QObjectP6QEvent + 0x84)\n\t0x7f479f92f0c5: QtGui.so.4 + 0x2080c5 (_ZN19QApplicationPrivate14sendMouseEventEP7QWidgetP11QMouseEventS1_S1_PS1_R8QPointerIS0_Eb + 0x135)\n\t0x7f479f9b2c89: QtGui.so.4 + 0x28bc89\n\t0x7f479f9b1993: QtGui.so.4 + 0x28a993 (_ZN12QApplication15x11ProcessEventEP7_XEvent + 0xe03)\n\t0x7f479f9dcd32: QtGui.so.4 + 0x2b5d32\n\t0x7f4798629969: glib-2.0.so.0 + 0x4a969 (g_main_context_dispatch + 0x159)\n\t0x7f4798629cc8: glib-2.0.so.0 + 0x4acc8\n\t0x7f4798629d7c: glib-2.0.so.0 + 0x4ad7c (g_main_context_iteration + 0x2c)\n\t0x7f47c65f8505: QtCore.so.4 + 0x1d9505 (_ZN20QEventDispatcherGlib13processEventsE6QFlagsIN10QEventLoop17ProcessEventsFlagEE + 0x65)\n\t0x7f479f9dc87f: QtGui.so.4 + 0x2b587f\n\t0x7f47c65c45c5: QtCore.so.4 + 0x1a55c5 (_ZN10QEventLoop13processEventsE6QFlagsINS_17ProcessEventsFlagEE + 0x35)\n\t0x7f47c65c4998: QtCore.so.4 + 0x1a5998 (_ZN10QEventLoop4execE6QFlagsINS_17ProcessEventsFlagEE + 0x128)\n\t0x7f47c65c97c4: QtCore.so.4 + 0x1aa7c4 (_ZN16QCoreApplication4execEv + 0xb4)\n\t   0x401ea8: quartus + 0x1ea8 (_Z8qgq_mainiPPKc + 0x68)\n\t0x7f47a52af720: ccl_msg + 0x40720 (_Z15msg_main_threadPv + 0x10)\n\t0x7f47a25b502c: ccl_thr + 0x602c (thr_final_wrapper + 0xc)\n\t0x7f47a52af7df: ccl_msg + 0x407df (_Z18msg_thread_wrapperPFPvS_ES_ + 0x62)\n\t0x7f47a2c31559: ccl_mem + 0xa559 (_Z18mem_thread_wrapperPFPvS_ES_ + 0x99)\n\t0x7f47a29f7f92: ccl_err + 0x8f92 (_Z18err_thread_wrapperPFPvS_ES_ + 0x27)\n\t0x7f47a25b53f2: ccl_thr + 0x63f2 (thr_thread_wrapper + 0x15)\n\t0x7f47a52b17e2: ccl_msg + 0x427e2 (_Z12msg_exe_mainiPPKcPFiiS1_E + 0xa3)\n\t   0x401f7a: quartus + 0x1f7a (main + 0x26)\n\t0x7f4799839505: c.so.6 + 0x22505 (__libc_start_main + 0xf5)\n\t   0x401d59: quartus + 0x1d59\n",
		"subsystem" : "unknown"
	},
	"quartus" : {
		"quartus_bits" : "64",
		"version" : "18.0.0",
		"build" : "614",
		"edition" : "Lite Edition"
	}
}